Year,com_aeo_total_floorspace,com_aeo_new_construction_floorspace,com_aeo_cumulative_new_floorspace,res_aeo_total_households,res_aeo_sf_households,res_aeo_mf_households,res_aeo_mh_households,res_aeo_surviving_households,com_ELIGIBLE_B_sqft,com_INELIGIBLE_B_sqft,com_ALL_BASELINE_B_sqft,res_ELIGIBLE_M_dwelling_units,res_INELIGIBLE_M_dwelling_units,res_ALL_BASELINE_M_dwelling_units,adoption_rate_existing_com,adoption_rate_existing_res,adoption_rate_new,com_surviving_floorspace,com_adopted_existing_floorspace,com_eligible_not_adopted_existing_floorspace,com_ineligible_existing_floorspace,com_cumulative_new_floorspace,com_adopted_new_floorspace,com_not_adopted_new_floorspace,com_total_floorspace,com_gap_total_floorspace,res_surviving_dwelling_units,res_adopted_existing_dwelling_units,res_eligible_not_adopted_existing_dwelling_units,res_ineligible_existing_dwelling_units,res_cumulative_new_dwelling_units,res_adopted_new_dwelling_units,res_not_adopted_new_dwelling_units,res_total_dwelling_units,factor_res_baseline_new_construction,factor_res_baseline_surviving,factor_com_baseline_new_construction,factor_com_baseline_surviving,factor_res_upgrade_new_adoption,factor_res_upgrade_surviving_adoption,factor_res_upgrade_surviving_not_adopted_eligible,factor_res_upgrade_surviving_not_adopted_ineligible,factor_com_upgrade_new_adoption,factor_com_upgrade_surviving_adoption,factor_com_upgrade_surviving_not_adopted_eligible,factor_com_upgrade_surviving_not_adopted_ineligible
Calendar year (the integer year for this row).,"Total commercial floorspace at year, B sqft (includes the unsimulated gap). Read directly from the merged AEO data, row 'Commercial: Total Floorspace: Total: Reference case', column for this row's Year.","New commercial floorspace added during year, B sqft (annual increment, includes gap-share). Read directly from the merged AEO data, row 'Commercial: Total Floorspace: New Additions: Reference case', column for this row's Year.","Cumulative new commercial floorspace built between 2027 and year (B sqft, AEO basis including gap-share). For Year < 2027: = 0 (no construction relative to a future anchor). For Year >= 2027: = sum of com_aeo_new_construction_floorspace from Year=2027 through this row's Year inclusive (cross-row running sum). Used downstream to derive com_surviving_floorspace and com_cumulative_new_floorspace.","Total residential occupied households at year, M HH. Read directly from the merged AEO data, row 'Residential: Key Indicators: Households: Total: Reference case', column for this row's Year.","Single-family occupied households at year, M HH. Read directly from the merged AEO data, row 'Residential: Key Indicators: Households: Single-Family: Reference case', column for this row's Year.","Multifamily occupied households at year, M HH. Read directly from the merged AEO data, row 'Residential: Key Indicators: Households: Multifamily: Reference case', column for this row's Year.","Mobile-home occupied households at year, M HH. Read directly from the merged AEO data, row 'Residential: Key Indicators: Households: Mobile Homes: Reference case', column for this row's Year.","AEO occupied households from the 2027 anchor stock still standing at year, M HH. For Year < 2027: = res_aeo_total_households (no anchor yet, all existing households are 'surviving'). For Year >= 2027: = sum over type in {sf, mf, mh} of (res_aeo_<type>_households read from the Year=2027 row) * (1 - demolition_rate_<type>) ** (this row's Year - 2027), where demolition rates are sf=0.007053, mf=0.011759, mh=0.037005 per year (from Berrill et al. 2021). Cross-row dependency: requires looking up the Year=2027 row's per-type values.","Total commercial floorspace in the upgrade-eligible cohort, B sqft (excludes gap). Same value every row. Calculated once per run: sum of the 'sqft' column in aux_coverage_upgradeUpgraded-Baseline_reg_b2018.csv, divided by 1e9.","Total commercial floorspace in the ineligible cohort, B sqft (excludes gap). Same value every row. Calculated once per run: sum of the 'sqft' column in aux_coverage_upgradeNon-Upgraded-Baseline_reg_b2018.csv, divided by 1e9.","Total commercial floorspace across the full ComStock simulation frame, B sqft (excludes gap). Same value every row. = com_ELIGIBLE_B_sqft + com_INELIGIBLE_B_sqft (the All-Baseline spec is the union of eligible and ineligible).","Total residential dwelling units in the upgrade-eligible cohort, M units (raw, includes vacant). Same value every row. Calculated once per run: sum of the 'units_count' column in aux_coverage_upgradeUpgraded-Baseline_reg_b2018.csv, divided by 1e6.","Total residential dwelling units in the ineligible cohort, M units (raw, includes vacant). Same value every row. Calculated once per run: sum of the 'units_count' column in aux_coverage_upgradeNon-Upgraded-Baseline_reg_b2018.csv, divided by 1e6.","Total residential dwelling units across the full ResStock simulation frame, M units (raw, includes vacant). Same value every row. = res_ELIGIBLE_M_dwelling_units + res_INELIGIBLE_M_dwelling_units (the All-Baseline spec is the union of eligible and ineligible).",Cumulative fraction of existing commercial that has adopted by year. = 0 for Year < 2027; = 0.56 * (Year - 2026) / 20 for 2027 <= Year <= 2046 (linear ramp from 0 to 0.56 over 20 years); = 0.56 for Year > 2046 (flat after the ramp). The 0.56 maximum is the empirical eligibility share derived from the BSQ aux files.,Cumulative fraction of existing residential that has adopted by year. = 0 for Year < 2027; = 0.69 * (Year - 2026) / 20 for 2027 <= Year <= 2046 (linear ramp from 0 to 0.69 over 20 years); = 0.69 for Year > 2046 (flat after the ramp). The 0.69 maximum is the empirical eligibility share derived from the BSQ aux files.,Fraction of new (post-2027) construction that adopts the upgrade. = 1.0 for Year >= 2027; = 0 for Year < 2027 (no new construction tracked from before the anchor).,"Commercial floorspace from 2027 still standing at year, B sqft (excludes gap). = (com_aeo_total_floorspace - com_aeo_cumulative_new_floorspace) * 0.6 (subtract cumulative new since 2027 from the full AEO total, then take the 60 percent that ComStock simulates).","Existing commercial that has adopted the upgrade by year, B sqft (excludes gap). = adoption_rate_existing_com * com_surviving_floorspace.","Existing commercial eligible to adopt but has not yet, B sqft (excludes gap). = (0.56 - adoption_rate_existing_com) * com_surviving_floorspace; equals 0 for Year < 2027 (adoption has not started). The 0.56 is the max eligibility share for commercial.","Existing commercial that never qualifies for the upgrade, B sqft (excludes gap). = (1 - 0.56) * com_surviving_floorspace = 0.44 * com_surviving_floorspace for Year >= 2027; = com_surviving_floorspace for Year < 2027 (the entire surviving stock sits here pre-anchor since adoption has not started).","Cumulative new commercial built since 2027 at year, B sqft (excludes gap). = com_aeo_cumulative_new_floorspace * 0.6 (the 60 percent of AEO cumulative new that ComStock simulates).","New commercial built since 2027 that adopted the upgrade, B sqft (excludes gap). = adoption_rate_new * com_cumulative_new_floorspace.","New commercial built since 2027 that has not adopted, B sqft (excludes gap). = (1 - adoption_rate_new) * com_cumulative_new_floorspace; always 0 because new construction always adopts post-2027.","Total commercial floorspace simulated by ComStock at year, B sqft (excludes gap). = com_surviving_floorspace + com_cumulative_new_floorspace; equivalently com_aeo_total_floorspace * 0.6.","Unsimulated gap portion of AEO commercial total at year, B sqft. = com_aeo_total_floorspace * 0.4 (the 40 percent of AEO total that ComStock does not simulate; supplied to the projection only as an hourly load profile, separate from the cohort columns above and not summed into com_total_floorspace).","Residential dwelling units from 2027 still standing at year, M units (raw basis, includes vacant). = res_aeo_surviving_households / 0.878 (convert AEO occupied basis to ResStock raw basis by dividing by the 0.878 occupancy fraction).","Existing residential that has adopted the upgrade by year, M units (raw basis). = adoption_rate_existing_res * res_surviving_dwelling_units.","Existing residential eligible to adopt but has not yet, M units (raw basis). = (0.69 - adoption_rate_existing_res) * res_surviving_dwelling_units; equals 0 for Year < 2027 (adoption has not started). The 0.69 is the max eligibility share for residential.","Existing residential that never qualifies for the upgrade, M units (raw basis). = (1 - 0.69) * res_surviving_dwelling_units = 0.31 * res_surviving_dwelling_units for Year >= 2027; = res_surviving_dwelling_units for Year < 2027 (the entire surviving stock sits here pre-anchor).","Cumulative new residential built since 2027 at year, M units (raw basis). = (res_aeo_total_households - res_aeo_surviving_households) / 0.878.","New residential built since 2027 that adopted the upgrade, M units (raw basis). = adoption_rate_new * res_cumulative_new_dwelling_units.","New residential built since 2027 that has not adopted, M units (raw basis). = (1 - adoption_rate_new) * res_cumulative_new_dwelling_units; always 0 because new construction always adopts post-2027.","Total residential dwelling units at year, M units (raw basis, includes vacant). = res_surviving_dwelling_units + res_cumulative_new_dwelling_units; equivalently res_aeo_total_households / 0.878.",Multiplier applied to the upgrade-eligible residential energy source to produce the baseline new-construction cohort load. = res_cumulative_new_dwelling_units / res_ELIGIBLE_M_dwelling_units.,Multiplier applied to the full-baseline residential energy source to produce the baseline surviving cohort load. = res_surviving_dwelling_units / res_ALL_BASELINE_M_dwelling_units.,Multiplier applied to the upgrade-eligible commercial energy source to produce the baseline new-construction cohort load (non-gap basis). = com_cumulative_new_floorspace / com_ELIGIBLE_B_sqft.,Multiplier applied to the full-baseline commercial energy source to produce the baseline surviving cohort load (non-gap basis). = com_surviving_floorspace / com_ALL_BASELINE_B_sqft.,Multiplier applied to the upgrade-eligible residential energy source to produce the new-adopted (NC) cohort load. = res_adopted_new_dwelling_units / res_ELIGIBLE_M_dwelling_units.,Multiplier applied to the upgrade-eligible residential energy source to produce the surviving-adopted (SA) cohort load. = res_adopted_existing_dwelling_units / res_ELIGIBLE_M_dwelling_units.,Multiplier applied to the upgrade-eligible residential energy source to produce the eligible-not-adopted portion of SNA. = res_eligible_not_adopted_existing_dwelling_units / res_ELIGIBLE_M_dwelling_units.,Multiplier applied to the ineligible residential energy source to produce the ineligible portion of SNA. = res_ineligible_existing_dwelling_units / res_INELIGIBLE_M_dwelling_units.,Multiplier applied to the upgrade-eligible commercial energy source to produce the new-adopted (NC) cohort load (non-gap basis). = com_adopted_new_floorspace / com_ELIGIBLE_B_sqft.,Multiplier applied to the upgrade-eligible commercial energy source to produce the surviving-adopted (SA) cohort load (non-gap basis). = com_adopted_existing_floorspace / com_ELIGIBLE_B_sqft.,Multiplier applied to the upgrade-eligible commercial energy source to produce the eligible-not-adopted portion of SNA (non-gap basis). = com_eligible_not_adopted_existing_floorspace / com_ELIGIBLE_B_sqft.,Multiplier applied to the ineligible commercial energy source to produce the ineligible portion of SNA (non-gap basis). = com_ineligible_existing_floorspace / com_INELIGIBLE_B_sqft.
2012,82.352806,1.557530,0.000000,116.055710,83.622002,26.028158,6.405549,116.055710,35.947373,27.885473,63.832846,96.999836,42.639821,139.639657,0.000000,0.000000,0.000000,49.411684,0.000000,0.000000,49.411684,0.000000,0.000000,0.000000,49.411684,32.941122,132.181902,0.000000,0.000000,132.181902,0.000000,0.000000,0.000000,132.181902,0.000000,0.946593,0.000000,0.774079,,,,,,,,
2018,91.707504,2.076327,0.000000,117.623550,82.370071,29.613419,5.640058,117.623550,35.947373,27.885473,63.832846,96.999836,42.639821,139.639657,0.000000,0.000000,0.000000,55.024502,0.000000,0.000000,55.024502,0.000000,0.000000,0.000000,55.024502,36.683002,133.967597,0.000000,0.000000,133.967597,0.000000,0.000000,0.000000,133.967597,0.000000,0.959381,0.000000,0.862009,,,,,,,,
2020,93.862076,2.159142,0.000000,119.492714,83.805664,30.209467,5.477585,119.492714,35.947373,27.885473,63.832846,96.999836,42.639821,139.639657,0.000000,0.000000,0.000000,56.317246,0.000000,0.000000,56.317246,0.000000,0.000000,0.000000,56.317246,37.544830,136.096485,0.000000,0.000000,136.096485,0.000000,0.000000,0.000000,136.096485,0.000000,0.974626,0.000000,0.882261,,,,,,,,
2021,94.940559,2.168623,0.000000,120.495453,84.546066,30.540232,5.409160,120.495453,35.947373,27.885473,63.832846,96.999836,42.639821,139.639657,0.000000,0.000000,0.000000,56.964335,0.000000,0.000000,56.964335,0.000000,0.000000,0.000000,56.964335,37.976224,137.238557,0.000000,0.000000,137.238557,0.000000,0.000000,0.000000,137.238557,0.000000,0.982805,0.000000,0.892398,,,,,,,,
2022,96.007195,2.166759,0.000000,121.533249,85.295692,30.886061,5.351494,121.533249,35.947373,27.885473,63.832846,96.999836,42.639821,139.639657,0.000000,0.000000,0.000000,57.604317,0.000000,0.000000,57.604317,0.000000,0.000000,0.000000,57.604317,38.402878,138.420557,0.000000,0.000000,138.420557,0.000000,0.000000,0.000000,138.420557,0.000000,0.991270,0.000000,0.902424,,,,,,,,
2023,97.058914,2.161996,0.000000,122.580887,86.050064,31.231289,5.299528,122.580887,35.947373,27.885473,63.832846,96.999836,42.639821,139.639657,0.000000,0.000000,0.000000,58.235348,0.000000,0.000000,58.235348,0.000000,0.000000,0.000000,58.235348,38.823566,139.613767,0.000000,0.000000,139.613767,0.000000,0.000000,0.000000,139.613767,0.000000,0.999815,0.000000,0.912310,,,,,,,,
2024,103.371872,2.742075,0.000000,129.383557,88.609744,34.017912,6.755902,129.383557,35.947373,27.885473,63.832846,96.999836,42.639821,139.639657,0.000000,0.000000,0.000000,62.023123,0.000000,0.000000,62.023123,0.000000,0.000000,0.000000,62.023123,41.348749,147.361682,0.000000,0.000000,147.361682,0.000000,0.000000,0.000000,147.361682,0.000000,1.055300,0.000000,0.971649,,,,,,,,
2025,104.521950,2.676447,0.000000,130.748740,89.620040,34.380152,6.748549,130.748740,35.947373,27.885473,63.832846,96.999836,42.639821,139.639657,0.000000,0.000000,0.000000,62.713170,0.000000,0.000000,62.713170,0.000000,0.000000,0.000000,62.713170,41.808780,148.916560,0.000000,0.000000,148.916560,0.000000,0.000000,0.000000,148.916560,0.000000,1.066435,0.000000,0.982459,,,,,,,,
2026,105.935020,2.951616,0.000000,132.198570,90.630320,34.797908,6.770342,132.198570,35.947373,27.885473,63.832846,96.999836,42.639821,139.639657,0.000000,0.000000,0.000000,63.561012,0.000000,0.000000,63.561012,0.000000,0.000000,0.000000,63.561012,42.374008,150.567847,0.000000,0.000000,150.567847,0.000000,0.000000,0.000000,150.567847,0.000000,1.078260,0.000000,0.995741,,,,,,,,
2027,107.519180,3.136872,3.136872,133.665718,91.639304,35.233668,6.792746,133.665718,35.947373,27.885473,63.832846,96.999836,42.639821,139.639657,0.028000,0.034500,1.000000,62.629385,1.753623,33.318833,27.556929,1.882123,1.882123,0.000000,64.511508,43.007672,152.238859,5.252241,99.792572,47.194046,0.000000,0.000000,0.000000,152.238859,0.000000,1.090227,0.052358,0.981147,0.000000,0.054147,1.028791,1.106807,0.052358,0.048783,0.926878,0.988218
2028,109.194839,3.245102,6.381974,135.137926,92.631464,35.702212,6.804250,132.353690,35.947373,27.885473,63.832846,96.999836,42.639821,139.639657,0.056000,0.069000,1.000000,61.687719,3.454512,31.090610,27.142596,3.829184,3.829184,0.000000,65.516903,43.677936,150.744522,10.401372,93.612348,46.730802,3.171111,3.171111,0.000000,153.915633,0.032692,1.079525,0.106522,0.966395,0.032692,0.107231,0.965077,1.095943,0.106522,0.096099,0.864892,0.973360
2029,110.865685,3.258995,9.640969,136.647931,93.625664,36.208348,6.813919,131.060395,35.947373,27.885473,63.832846,96.999836,42.639821,139.639657,0.084000,0.103500,1.000000,60.734830,5.101726,28.909779,26.723325,5.784581,5.784581,0.000000,66.519411,44.346274,149.271521,15.449602,87.547747,46.274171,6.363936,6.363936,0.000000,155.635457,0.065608,1.068977,0.160918,0.951467,0.065608,0.159275,0.902556,1.085234,0.160918,0.141922,0.804225,0.958324
2030,112.493584,3.235985,12.876954,138.159125,94.613568,36.726568,6.818989,129.785398,35.947373,27.885473,63.832846,96.999836,42.639821,139.639657,0.112000,0.138000,1.000000,59.769978,6.694238,26.776950,26.298790,7.726172,7.726172,0.000000,67.496150,44.997434,147.819360,20.399072,81.596287,45.824002,9.537274,9.537274,0.000000,157.356634,0.098323,1.058577,0.214930,0.936351,0.098323,0.210300,0.841200,1.074676,0.214930,0.186223,0.744893,0.943100
2031,114.092934,3.227938,16.104892,139.671966,95.599120,37.247472,6.825374,128.528280,35.947373,27.885473,63.832846,96.999836,42.639821,139.639657,0.140000,0.172500,1.000000,58.792825,8.230996,24.692987,25.868843,9.662935,9.662935,0.000000,68.455760,45.637174,146.387563,25.251855,75.755564,45.380144,12.692125,12.692125,0.000000,159.079688,0.130847,1.048324,0.268808,0.921043,0.130847,0.260329,0.780987,1.064267,0.268808,0.228973,0.686920,0.927682
2032,115.698303,3.254824,19.359716,141.169592,96.580712,37.754384,6.834496,127.288634,35.947373,27.885473,63.832846,96.999836,42.639821,139.639657,0.168000,0.207000,1.000000,57.803152,9.710930,22.658836,25.433387,11.615830,11.615830,0.000000,69.418982,46.279321,144.975665,30.009963,70.023246,44.942456,15.809748,15.809748,0.000000,160.785412,0.162987,1.038213,0.323134,0.905539,0.162987,0.309382,0.721890,1.054002,0.323134,0.270143,0.630334,0.912066
2033,117.319679,3.292159,22.651875,142.615548,97.542320,38.228700,6.844527,126.066065,35.947373,27.885473,63.832846,96.999836,42.639821,139.639657,0.196000,0.241500,1.000000,56.800682,11.132934,20.675448,24.992300,13.591125,13.591125,0.000000,70.391807,46.927872,143.583217,34.675347,64.397073,44.510797,18.849070,18.849070,0.000000,162.432287,0.194321,1.028241,0.378084,0.889835,0.194321,0.357478,0.663888,1.043879,0.378084,0.309701,0.575159,0.896248
2034,118.948647,3.321622,25.973497,143.997705,98.475400,38.669908,6.852397,124.860191,35.947373,27.885473,63.832846,96.999836,42.639821,139.639657,0.224000,0.276000,1.000000,55.785090,12.495860,18.743790,24.545440,15.584098,15.584098,0.000000,71.369188,47.579459,142.209785,39.249901,58.874851,44.085033,21.796713,21.796713,0.000000,164.006498,0.224709,1.018405,0.433525,0.873925,0.224709,0.404639,0.606958,1.033893,0.433525,0.347615,0.521423,0.880223
2035,120.570572,3.336882,29.310379,145.357504,99.402584,39.096772,6.858148,123.670644,35.947373,27.885473,63.832846,96.999836,42.639821,139.639657,0.252000,0.310500,1.000000,54.756116,13.798541,16.864884,24.092691,17.586227,17.586227,0.000000,72.342343,48.228229,140.854947,43.735461,53.454452,43.665034,24.700297,24.700297,0.000000,165.555244,0.254643,1.008703,0.489221,0.857805,0.254643,0.450882,0.551078,1.024044,0.489221,0.383854,0.469155,0.863987
2036,122.168922,3.335924,32.646303,146.686126,100.314464,39.507692,6.863969,122.497063,35.947373,27.885473,63.832846,96.999836,42.639821,139.639657,0.280000,0.345000,1.000000,53.713571,15.039800,15.039800,23.633971,19.587782,19.587782,0.000000,73.301353,48.867569,139.518295,48.133812,48.133812,43.250671,27.550186,27.550186,0.000000,167.068481,0.284023,0.999131,0.544902,0.841472,0.284023,0.496226,0.496226,1.014326,0.544902,0.418384,0.418384,0.847537
2037,123.735550,3.326909,35.973212,147.957897,101.201392,39.887748,6.868757,121.339101,35.947373,27.885473,63.832846,96.999836,42.639821,139.639657,0.308000,0.379500,1.000000,52.657403,16.218480,13.269666,23.169257,21.583927,21.583927,0.000000,74.241330,49.494220,138.199432,52.446684,42.910924,42.841824,30.317535,30.317535,0.000000,168.516967,0.312552,0.989686,0.600431,0.824926,0.312552,0.540688,0.442381,1.004737,0.600431,0.451173,0.369141,0.830872
2038,125.272934,3.320311,39.293523,149.180301,102.063192,40.244428,6.872681,120.196422,35.947373,27.885473,63.832846,96.999836,42.639821,139.639657,0.336000,0.414000,1.000000,51.587647,17.333449,11.555633,22.698565,23.576114,23.576114,0.000000,75.163760,50.109174,136.897975,56.675762,37.783841,42.438372,33.011252,33.011252,0.000000,169.909227,0.340323,0.980366,0.655851,0.808168,0.340323,0.584287,0.389525,0.995276,0.655851,0.482190,0.321460,0.813992
2039,126.786034,3.318532,42.612055,150.348421,102.892176,40.580072,6.876173,119.068698,35.947373,27.885473,63.832846,96.999836,42.639821,139.639657,0.364000,0.448500,1.000000,50.504387,18.383597,9.898860,22.221930,25.567233,25.567233,0.000000,76.071620,50.714414,135.613551,60.822678,32.750673,42.040201,35.626109,35.626109,0.000000,171.239659,0.367280,0.971168,0.711241,0.791197,0.367280,0.627039,0.337636,0.985938,0.711241,0.511403,0.275371,0.796900
2040,128.280212,3.321972,45.934027,151.471677,103.692392,40.897656,6.881629,117.955612,35.947373,27.885473,63.832846,96.999836,42.639821,139.639657,0.392000,0.483000,1.000000,49.407711,19.367823,8.300495,21.739393,27.560416,27.560416,0.000000,76.968127,51.312085,134.345799,64.889021,27.809580,41.647198,38.173195,38.173195,0.000000,172.518994,0.393539,0.962089,0.766688,0.774017,0.393539,0.668960,0.286697,0.976721,0.766688,0.538783,0.230907,0.779596
2041,129.760834,3.330600,49.264627,152.542305,104.460888,41.193408,6.888009,116.856857,35.947373,27.885473,63.832846,96.999836,42.639821,139.639657,0.420000,0.517500,1.000000,48.297724,20.285044,6.761681,21.250999,29.558776,29.558776,0.000000,77.856500,51.904334,133.094370,68.876337,22.958779,41.259255,40.644018,40.644018,0.000000,173.738388,0.419011,0.953127,0.822279,0.756628,0.419011,0.710067,0.236689,0.967623,0.822279,0.564298,0.188099,0.762081
2042,131.231323,3.342516,52.607143,153.575440,105.208672,41.472396,6.894372,115.772135,35.947373,27.885473,63.832846,96.999836,42.639821,139.639657,0.448000,0.552000,1.000000,47.174508,21.134180,5.283545,20.756784,31.564286,31.564286,0.000000,78.738794,52.492529,131.858924,72.786126,18.196531,40.876266,43.056156,43.056156,0.000000,174.915080,0.443879,0.944280,0.878069,0.739032,0.443879,0.750374,0.187593,0.958641,0.878069,0.587920,0.146980,0.744358
2043,132.694901,3.357474,55.964617,154.566087,105.923744,41.742612,6.899731,114.701156,35.947373,27.885473,63.832846,96.999836,42.639821,139.639657,0.476000,0.586500,1.000000,46.038170,21.914169,3.867206,20.256795,33.578770,33.578770,0.000000,79.616941,53.077960,130.639130,76.619850,13.521150,40.498130,45.404249,45.404249,0.000000,176.043379,0.468086,0.935545,0.934109,0.721230,0.468086,0.789897,0.139394,0.949773,0.934109,0.609618,0.107580,0.726428
2044,134.155365,3.376159,59.340776,155.536234,106.617736,42.013560,6.904938,113.643641,35.947373,27.885473,63.832846,96.999836,42.639821,139.639657,0.504000,0.621000,1.000000,44.888753,22.623932,2.513770,19.751051,35.604466,35.604466,0.000000,80.493219,53.662146,129.434671,80.378931,8.930992,40.124748,47.713660,47.713660,0.000000,177.148330,0.491894,0.926919,0.990461,0.703223,0.491894,0.828650,0.092072,0.941016,0.990461,0.629363,0.069929,0.708292
2045,135.616333,3.398343,62.739119,156.505665,107.310680,42.284568,6.910418,112.599316,35.947373,27.885473,63.832846,96.999836,42.639821,139.639657,0.532000,0.655500,1.000000,43.726328,23.262407,1.224337,19.239584,37.643471,37.643471,0.000000,81.369800,54.246533,128.245234,84.064751,4.424461,39.756023,50.007232,50.007232,0.000000,178.252466,0.515539,0.918401,1.047183,0.685013,0.515539,0.866648,0.045613,0.932368,1.047183,0.647124,0.034059,0.689950
2046,137.081070,3.423773,66.162892,157.469070,107.999864,42.555124,6.914082,111.567917,35.947373,27.885473,63.832846,96.999836,42.639821,139.639657,0.560000,0.690000,1.000000,42.550907,23.828508,0.000000,18.722399,39.697735,39.697735,0.000000,82.248642,54.832428,127.070520,87.678659,0.000000,39.391861,52.279218,52.279218,0.000000,179.349738,0.538962,0.909989,1.104329,0.666599,0.538962,0.903905,0.000000,0.923828,1.104329,0.662872,0.000000,0.671403
2047,138.552307,3.451868,69.614760,158.427165,108.685976,42.823944,6.917245,110.549187,35.947373,27.885473,63.832846,96.999836,42.639821,139.639657,0.560000,0.690000,1.000000,41.362528,23.163016,0.000000,18.199512,41.768856,41.768856,0.000000,83.131384,55.420923,125.910236,86.878063,0.000000,39.032173,54.530727,54.530727,0.000000,180.440962,0.562173,0.901680,1.161945,0.647982,0.562173,0.895652,0.000000,0.915393,1.161945,0.644359,0.000000,0.652652
2048,140.031601,3.481559,73.096319,159.383715,109.369896,43.093596,6.920223,109.542877,35.947373,27.885473,63.832846,96.999836,42.639821,139.639657,0.560000,0.690000,1.000000,40.161169,22.490255,0.000000,17.670914,43.857791,43.857791,0.000000,84.018961,56.012640,124.764097,86.087227,0.000000,38.676870,56.766330,56.766330,0.000000,181.530427,0.585221,0.893472,1.220056,0.629162,0.585221,0.887499,0.000000,0.907060,1.220056,0.625644,0.000000,0.633696
2049,141.519608,3.511920,76.608239,160.346089,110.055120,43.365544,6.925425,108.548746,35.947373,27.885473,63.832846,96.999836,42.639821,139.639657,0.560000,0.690000,1.000000,38.946821,21.810220,0.000000,17.136601,45.964943,45.964943,0.000000,84.911765,56.607843,123.631829,85.305962,0.000000,38.325867,58.994696,58.994696,0.000000,182.626525,0.608194,0.885363,1.278673,0.610138,0.608194,0.879444,0.000000,0.898828,1.278673,0.606726,0.000000,0.614535
2050,143.016235,3.542278,80.150517,161.313491,110.741344,43.639676,6.932471,107.566558,35.947373,27.885473,63.832846,96.999836,42.639821,139.639657,0.560000,0.690000,1.000000,37.719431,21.122881,0.000000,16.596550,48.090310,48.090310,0.000000,85.809741,57.206494,122.513164,84.534083,0.000000,37.979081,61.215186,61.215186,0.000000,183.728350,0.631085,0.877352,1.337798,0.590909,0.631085,0.871487,0.000000,0.890695,1.337798,0.587606,0.000000,0.595168
